customer_unique_id,NumberOfOrders,TotalSpend
0a0a92112bd4c708ca5fde585afaa872,1,13664.080078125
46450c74a0d8c5ca9395da1daac6c120,3,9553.020263671875
da122df9eeddfedc1dc1f5349a1a690c,2,7571.6298828125
763c8b1c9c68a0229c42c9fc6f662b93,1,7274.8798828125
dc4802a71eae9be1dd28f5d788ceb526,1,6929.31005859375
459bef486812aa25204be022145caa62,1,6922.2099609375
ff4159b92c40ebe40454e3e6a7c35ed6,1,6726.66015625
4007669dec559734d6f53e029e360987,1,6081.5400390625
5d0a2980b292d049061542014e8960bf,1,4809.43994140625
eebb5dda148d3893cdaf5b5ca3040ccb,1,4764.33984375
48e1ac109decbb87765a3eade6854098,1,4681.77978515625
c8460e4251689ba205045f3ea17884a1,4,4655.9100341796875
edde2314c6c30e864a128ac95d6b2112,1,4513.31982421875
a229eba70ec1c2abef51f04987deb7a5,1,4445.5
edf81e1f3070b9dac83ec83dacdbb9bc,1,4194.7598876953125
fa562ef24d41361e476e748681810e1e,1,4175.259765625
ca27f3dac28fb1063faddd424c9d95fa,1,4163.509765625
055ec572ac7f3c7bdd04a183830ebe59,2,4053.080078125
5e713be0853d8986528d7869a0811d2b,1,4042.739990234375
58483a1c055dfb600f57c5b867174542,1,4034.4400024414062
011875f0176909c5cf0b14a9138bb691,1,4016.909912109375
f0767ae738c3d90e7b737d7b8b8bb4d1,1,3979.550048828125
bc5e25094a7d51b6aee35236572e64f4,1,3826.800048828125
3fec1a05177762f279472253113d568a,1,3792.590087890625
5aad27a7b4f74b1c3389d56c74db1057,1,3782.18994140625
5d09b0d82126457e2a8ebfb9c9a1ffc4,1,3736.219970703125
931eabdf0636b8fd60369a8d759917d6,1,3666.419921875
03796b63235e0e0a299084988c662c7e,1,3602.469970703125
59d66d72939bc9497e19d89c61a96d5f,2,3559.9900512695312
2c3b08cf3584d8c0a81d9618a73aa219,1,3526.4599609375
95a744604de66a2e40e18086e69be4f2,1,3406.469970703125
76a08544f95591acec0d4c976054c459,1,3358.239990234375
ce3fe361f9e68bf0a813baaae1334d01,1,3351.35009765625
7a96eb0a685f5c19b7dad29fc802aa64,1,3297.39990234375
9b11e010850a4045d2da80c7783fdbd1,1,3256.139892578125
adfa1cab2b2c8706db21bb13c0a1beb1,1,3242.840087890625
bbeb907759ef5fc169099af3c88d535d,1,3209.719970703125
1b76903617af13189607a36b0469f6f3,1,3195.72998046875
6f00d356a4be20527662aaf12116baab,1,3184.550048828125
53fb3435773a4690e56010b169ee2820,1,3155.820068359375
c6111f70f40b3420e387493c627c27fa,1,3126.5
895617ab63a9ad8881d9470f7427cd25,1,3126.5
be825ddd3b40db3f91bf05b4e9435d56,1,3122.719970703125
f886a3f43af9ac928fbb4b56436c528c,1,3076.1298828125
58c1b085b54c03a1f1ab5f13d64c2b1c,2,3064.7200927734375
ff0ae98646e7bbb41cf0f0d3991fef98,1,3048.27001953125
0f75637a7e2f7b6ae43665d1f7d0ca5d,1,3044.1201171875
2ae8173a688e326821403a5b7a6858c2,1,3042.360107421875
6172bd5b7f52ade8c6c4548b448ff54f,1,3041.72998046875
ea984b06b18cc6905bc2f9b0a3d1c986,1,3024.080078125
ef8d54b3797ea4db1d63f0ced6a906e9,1,3018.60009765625
ee2bb06c1d3f368e92084edefb7e4b57,1,3016.010009765625
ae04948ad7210ea76801b331080e0b3a,1,3009.530029296875
4683ad127301c1bcbd601a30bb22d2ba,1,3005.06005859375
129bfc164612d70a040a844b887dfec5,1,2960.050048828125
d9f8d6be11fb416742c9e35e725303f7,1,2938.169921875
5599df2eeb9e2e4f377db24e09cb976f,1,2913.469970703125
fff5eb4918b2bf4b2da476788d42051c,1,2844.9599609375
c38b132f1c68c14c0d3b32e66b796eba,1,2838.219970703125
8ad6fdb3d658f916f444aaf55a49bb29,1,2828.419921875
c21e93b1d7b7a416d0f36fa6ebc1d60a,1,2827
25bedfc6317ec4a379ef49b9c1049733,1,2818.739990234375
030a810edeec1ceea314282513023587,1,2794.5
d130666a33d3681209c5c752fe56ee10,2,2791.52001953125
34ff67eb3466a779b2f6b6fd56a3b953,1,2787.8701171875
81d8bf17c9e450228efeedd2603edfaa,1,2784.159912109375
eae0a83d752b1dd32697e0e7b4221656,2,2783.0100708007812
acc38a550c42d17125cd25c32a464d26,1,2759.949951171875
ec5d2f91c651ce345616c7035fab6f9d,1,2759.8798828125
1e7097be947ad5d0f7819bdc9d8d7d0e,1,2751.239990234375
0de97ff655abfc142ba6fc83e86bf082,1,2734.659912109375
149b43a4776ea0a773ac75bc58830fb9,1,2734.110107421875
13d9920a16127351540bcd95ad4643c8,1,2733.6298828125
fc54c2c09aee36da48881e5bf37ef795,1,2732.06005859375
f140f377d666848e3712b51a2734d120,1,2713.360107421875
5e92460d739e8dd987e279285a1d278c,1,2713.360107421875
60b2ec19b8c18082cdb5180106a97cb5,1,2692.820068359375
bb149f7e7bfee3d984e265d0eae6181b,1,2681.2900390625
c949c73b1318491d6b5b117acb3e24a4,1,2681.2900390625
212b7cfb2631b23e85a4645a7cba1733,1,2647.760009765625
f44ffa618df5f8a65899275c93b14ae2,1,2638.639892578125
69e4e534ba5e6a8124d132b271923148,1,2627.090087890625
684da9ec00ee25877fe21ce197403d04,1,2616
26b5839e505ee33e6a449f7c2c403f99,1,2607.090087890625
7814db11654d2bf3b43bae828b6eee05,1,2606.010009765625
7386ded430d6aeb715a0d087c38a2dfe,1,2590.610107421875
d8f1c3ed0de527caf0a7eceeb025b583,1,2574.3798828125
94c1c602b16a9fdfbc154ef63cfa50f9,1,2566.89990234375
0621cda5f3ee9a2e6f3ae6ebb5fcdbe1,1,2564.64990234375
02ccceb879088a0253e1e46e0200bdb8,1,2512.530029296875
84056c11d63b679a61f195ef043505f4,1,2487.239990234375
575fa0cb05146c256ec1c9d348ec0305,1,2480.580078125
5dff3703f9d82688ab5a1c92df1e4b18,1,2467.330078125
bef3ce10ea5715fbcbcbe3b266ee94c5,1,2467.169921875
0bec90ebca9ff4b2b830950bb052e52d,1,2457.43994140625
8e07cbdbbb24328ece74135e2a81405b,1,2455.1201171875
d3ef55d6de8e4be1d4b905e8169224b5,1,2452.1201171875
d77aa95864ae5b42160937615628723a,2,2450.10009765625
85475e754525d6d222d917dbc8251801,1,2438.510009765625
24c0598e5978021ede868fbf7526544a,1,2429.679931640625
f755e02e22f99b9e1658cbd2186a212d,1,2419.199951171875
98133dfcdb0c24fa03c9eb4f0d69a6c4,1,2416
f2a29b4d4c04184a9372bb7374d344ac,1,2404.719970703125
5eed8cf8c54bff340300c214ddc32db4,1,2404.719970703125
86df00dc5fd68f4dd5d5945ca19f3ed6,3,2400.47998046875
87070b00f89fa49dd0b01ff4bf075b8c,1,2389.780029296875
e3e0e9112264452e4700d977ce02a4d1,1,2384.5
c5a0eef09ffd9448532ef07854769930,1,2360.419921875
d280c55bb8f45e367a7f24151bc99fdd,1,2345.030029296875
7b0eaf68a16e4808e5388c67345033c9,2,2340.0799560546875
c53a15252bb69a238a59b79c58a84bcf,1,2338.47998046875
6963ee67570e4454bf00b3e5fe52f734,1,2337.39990234375
c01158adcf91ee8f143d12388abe5f22,1,2333.969970703125
e6fad5b1c79a4760aac5068d09c46535,1,2328.39990234375
6a71207bf8784292ad3f6e107ab57755,1,2325.219970703125
8bce6306eb006a2ff6135ba36d33d644,1,2324.989990234375
c7794313e2cd53472b116a751350f132,1,2323.25
8a8ac60fd8ea25925f379a33ef277987,1,2322.320068359375
352edc42ddf92161e32abb07872de623,1,2315.830078125
bd90c3e19e58ff2439e72b0554026418,1,2314.820068359375
00c07da5ba0e07b4f248a3a373b07476,1,2304.679931640625
6ddbc64bd04d40f7768ff088d94cbeb8,2,2299.659912109375
ec4b05ce75316354ba9b297f64377ed6,1,2288.31005859375
559026a1299bd2ede976c8d516d92258,1,2276.10009765625
03adb96012772d4374285b6a701f3da9,1,2269.97998046875
fa094305fdb6062436c99adba7d53dde,1,2267.280029296875
7dd0031f1da839843abbcda4e9fb317b,1,2267.179931640625
0a5dadb73145d29f42f703c97c377ae8,1,2266.610107421875
a58b1fe8146940d706e5f07d73bc7d51,1,2264.89990234375
698e1cf81d01a3d389d96145f7fa6df8,1,2262.800048828125
e79c794eb044c594d923722240125052,1,2252.659912109375
bd879722dc92d795d57264b3c1e09f6a,1,2241.639892578125
7c9a0402e884c791edf88646b7c20a82,1,2234.699951171875
3d47f4368ccc8e1bb4c4a12dbda7111b,1,2234.659912109375
10e1df2717597281c5cffa0e0a7ca7cb,1,2225.68994140625
1a3a962a15f8c6ee0178e1102387d3cc,1,2223.1201171875
9d15276f07200ca33bdd7eab12ba67ad,1,2220.320068359375
bd8717655febcdf30f106e9f3cb24628,1,2217.989990234375
14f5335a43420b92aa77e1f35ada3f42,1,2213.219970703125
1579133af5d1fadd0e5e37ec439ed1ec,1,2207.97998046875
3895f60f6e6a89e5cfb7b72ffdcdf7e0,1,2204.0400390625
c402f431464c72e27330a67f7b94d4fb,1,2202.39990234375
25d6024f1eadd97cf86cfcfb7e9617dd,1,2190.39990234375
25d558c329b841732700cb45b86260cf,1,2187.419921875
9db254a87951220e74c58549749cf128,1,2187.419921875
3cdadaf84a996b3f07ccfcf9796f1dfd,1,2183.60009765625
287a7cdacbcda8f842d7719e77cb8457,1,2183.14990234375
669e44130af1f9e6d3523ab852672374,1,2168.60009765625
1da09dd64e235e7c2f29a4faff33535c,3,2164.3999938964844
02e8a66528e84b3ca6150d9b1e03a26f,1,2158.570068359375
e0a7e61d37dd4060ab419bdb93a9f05d,1,2155.35009765625
60055ae4e5bdcbf7d567809728def6ed,1,2154.820068359375
445e36c0849ad359c7b6d99786c3357c,1,2153.35009765625
12ebfdb41392890f9d7a8de957274741,1,2153.35009765625
ea6f9323b5f8d196980fa72fb91546d0,1,2153.35009765625
b26746dace6d5d8633283ef402271974,1,2153.35009765625
c77dde0ffa573d733a5afe93774246ec,1,2152.919921875
3baa1dfebd3d28ccc8cdbf5d9faa7602,1,2151.2900390625
cad51aa032a0834a45c27586bce31d1c,1,2150.8099975585938
46e8adbe1802b0aa1d172eb1a4eba9fe,1,2150.219970703125
00adeda9b742746c0c66e10d00ea1b74,1,2148.39990234375
8a8a3b96590da699865fa7e07e0e08ff,1,2133.68994140625
ba0fed3e80432a2a1679d58a24732c93,1,2125.18994140625
afc8f3a11a809a74e5eef0bda1de6b9c,1,2124.780029296875
0c3dbe243398d9af58ac1a6d27cbe004,1,2116.010009765625
e8258022c5060b1f3d861556a17fd741,1,2115.7900390625
87566fe4966777f59b86e1313f177587,1,2115.050048828125
c705e3b98b76bd8e56d09625ac94216a,1,2114.6298828125
2621b577faf30c524ef1f0fff766a575,1,2111.570068359375
82cd8a647fc34614fde430b3285b913e,1,2110.570068359375
af17def00ed5fb1ccbebfe805b0bb641,1,2106.550048828125
2f99070486aafcc5dac7a979c1ed5f32,1,2105.570068359375
7de6d654e4d5b71483c3799468bc27e6,1,2098.39990234375
ea1c9b1a4cc63f26f5a165203a4ebd4f,1,2096.139892578125
92ce8d58d57d7a8f8b2d5ca4b9810b64,1,2094.43994140625
59bfe97acaf7979ebbc663af8bb1827d,1,2092.860107421875
ef7361e14a64f77990f58e9c571e2f9a,1,2091.330078125
44975ad30406e58b8c7f2a8dae4c46f8,1,2083.090087890625
963fee8d1953b0f2bc792a06043fb11c,1,2082.360107421875
83486a65903aefe02ed3bac7c23b5f65,1,2075.47998046875
73601b1eec55943e90ce8d61253d5c09,2,2068.679931640625
fffcf5a5ff07b0908bd4e2dbc735a684,1,2067.419921875
5e5a9e721cb83187f5893a8c7109faee,1,2066.3399658203125
f28efe52152019a633891bfdb679886e,1,2065.77001953125
918c2334c6537fd745c6aea1e3fe54f8,1,2065.35009765625
efb14cc2969129e2d865bc75be239916,1,2064.8798828125
6cba2fea42066c8781a30cd92826317c,1,2060.510009765625
3d60952351a48ae05804341ab1e3f7fa,1,2060.199951171875
613835be7274f39d246f0c9c264ca132,1,2060.199951171875
8831da2a67b7007cd92faef855f9fb52,1,2055.840087890625
e197b5ef3ad3220f87041f2475b37c81,1,2048.1201171875
b0c3cd877e81291a25eb0be8b1919458,1,2045.469970703125
921d58c81068176026975777ae295c05,1,2039.43994140625
26745aefcbade7bf038c84f9529ba5b1,1,2039.31005859375
6d394722d5fc5e721aee6875a218d8db,1,2039.199951171875
af366f48405f787edafa83d61e9ab5c5,1,2036.8599853515625
a7acd7f8aefc1d48f618e3f15c5e327b,1,2036.0400390625
18d3c0c7617e44eab9bef19f29bbdb1b,1,2035.8599853515625
5330670c6666e6f35a2688802fdb235f,1,2034.47998046875
3d81d4e0977945889ce7eee309a884c5,1,2034.31005859375
a5854c79718864cb7023094de2c0f8f8,1,2033.47998046875
82c0c03a1fb8968a30707374c8566fba,1,2032.0400390625
5a04d5472eb5ee998250f0977b31f772,1,2032
75a8083e27e7af87d890db460e048efa,1,2031.469970703125
a813e96ecd044395587037a8314a4151,1,2031.0899658203125
af4add6ae61530f1768eef38c9a52c05,1,2029.6199951171875
b8b32554df7a612f3aefb40b44653a4d,1,2028.75
10080cf8d46d43de1133521a8567b153,1,2028.6500244140625
0bc62798218b7ebd8849210c509efe1d,1,2027.6500244140625
9cb4965f1caae128f5a82f1345e2e8bc,1,2027.260009765625
8f86544c8854a0d0b347511a24981b77,1,2027.22998046875
ee10b948f421cd32fab5283f814d0b78,1,2027.1600341796875
03d1be27ccf6d46178ecd2ad2cc1db10,1,2026.5400390625
6ead799d8a12f9095ab29409be2aa075,1,2026.5400390625
4c4645e724402ec958ead69dbf1ade6c,1,2026.5400390625
02b6ef845021b8fefe19c8d200f3ee06,1,2024.31005859375
1d4ef611a25dabe55d41c22881c14fb0,1,2023.5799560546875
a3331aa44b50207a2f580848a07f0a6f,1,2023.5799560546875
7c82b91749355c6daebaada73da54e2e,1,2023
921972f1568c1c75a26b18b4cb4ed5a7,1,2022.3299560546875
28f6c5e53f39cd45ccd6b22fc82cd1d1,1,2022.02001953125
906a8a4ec9f3d4c3e64fa6d1c4fe6009,2,2020.8600311279297
527f7f3237fb1397c459701bc765b6f0,1,2017.0799560546875
a22ee6bd65e350c2d1a0d9a12c2e465f,1,2014.989990234375
15be5104d4c41b5e0dada09bfa5215d9,1,2009.6199951171875
0341bbd5c969923a0f801b9e2d10a7b8,2,1999.6800537109375
15dcd36d3c50ae6540aa942684f51824,1,1996.3199462890625
6e328f26167e5c9f1c9ac765e6e95f4d,1,1995.68994140625
ee4fb55368c4c4fa5069f4c7cbe0ed2e,1,1992.4200439453125
fec38f6590f4d8e78563eacd15f0413c,1,1989.9599609375
a7ca51c5d161c34444a45ff503b78b0c,1,1989.75
237beb4b0ae00c80268b9b894ed3f65a,1,1981.219970703125
8637975a0cb5150b10528f5697511668,1,1980.7099609375
a0cd1f3e0a9259b6dd8ec0ed4f63a63e,1,1978.1800537109375
e09ede1057212120a291c4fa1f832c63,1,1966.9100341796875
a1bd814d14be56675c1201a1a28a6e64,1,1963.969970703125
f444ba0d223518973d2ab5ee663bfd9a,1,1963.1400146484375
f2a9c45fecbca38c65837639d0e1c0f2,1,1963.1400146484375
ea10c984e50edffb58668706bd0bbfc2,1,1963.1400146484375
69b2b29382af03e03e486ad307a76000,1,1961
ca9ff40e3d69e5ffc34a46ed9b91451c,1,1951.949951171875
e3fe811011101628e80a7953f1244c8d,1,1950.199951171875
244024d753ef305e66b7ef97f3813ebd,1,1949.52001953125
e650a740f366df1d65e17eeda8cccb43,1,1944.8599853515625
3a205021b542565ebf170c0ec55783d9,1,1942.5999755859375
9b661514ad84d0489ac73d9e24cbf169,1,1942
9410c05c403cf6b73c071fa50c8ae641,1,1938.739990234375
b25c74b16e09b4a3390a6db984004c44,1,1937.6400146484375
994e2b50ade6ead19626283999638f25,1,1936.989990234375
b8ca2e14188d8a3ebd2da5dfccb5725d,1,1936.5
5a7881e38b4a49918a70658e1dd42a09,1,1936.27001953125
7530369a1ddf13882910895b0559423d,1,1930.3399658203125
bb68ab36f08cea9dece50c4d5f63e1ca,1,1927.3800048828125
d77f9e20bf24f723cb3d4472a1d1b837,1,1925.81005859375
ac32c69c438fa163767f5aa5c4d0b6e1,1,1925.77001953125
1a3d1e8b28c0ee27c23333ee108c47e6,1,1924.030029296875
c5365631fcd0f5ae1802e798e1b7d692,1,1916.9599609375
14cf3e40a2b5076d2d0384a7e68ca06f,1,1916.0799560546875
95376669d92be6a7dcf0494e0b1d9917,1,1915.530029296875
cd020f72b3994d3dda2f464efe9aa99b,1,1915.1300048828125
cef29e793e232d30250331804cdb7000,3,1906.6799850463867
e7ed4f9558a25b5403b41224518d052a,1,1902.550048828125
9df040be9d7656d4c912b62472bfcf05,1,1901.6199951171875
025cf7c2f32536f0be1ab412bb6602d2,1,1898.609962463379
66ec2bc0802dd4fa439e49dcfcf813b6,1,1898.27001953125
336e748851ceb9da362d2d5e0b2f4b85,1,1894.4100341796875
9654d6df6a63f5a9b61dd5ba0e0d8286,1,1891.6300048828125
7e1dc025d12dd45046852917926fbd2e,1,1878.3900146484375
94bbded6a4ac8a3dd9887f99861bf608,1,1877.8399658203125
196fb9c6acb3d8e681f6691d596a21fb,1,1872.260009765625
62a71b17bb35ca8351f0ab4fdc7a3354,1,1871.6400146484375
1ee27e3ae93ad59224094a4ea0c71dc2,1,1869.800048828125
0c2fa77ed1433d1b2ed06724ed0d5237,1,1867.8499755859375
93bc212addb25a5f5139fded3c2ee6b3,1,1866.699951171875
fafe2f8e0b7065fef995698ef3809fec,1,1861.260009765625
74a63835c6e5eaef19af58cc83f663aa,1,1859.0999755859375
23841d4abf4583dec7773f3bd2fe267d,1,1853.75
1eb6f015c37dc8e3f5b531fbca809a49,1,1843.8499755859375
b12294f6bca2370dc2f2a46cdc484076,1,1841.75
01858f2fad256b1689f5bdafc059f745,1,1841.1099853515625
18360e41b00709cc7b2c6f391eff829e,1,1839.050048828125
15fbc48df691e0ad51b0cf30d86392a2,1,1837.1600341796875
89b692db0c2020ee873dbf261d941543,1,1832.5400390625
8d434defc893fd9ac17fabd1462cbce3,1,1830.989990234375
35dac57557b3ffbf2f231d3c1483fde1,1,1830.9000244140625
604b4fd4dd22b3811eca8c2d4f1f63c5,1,1830.1199951171875
8ac03172dc8e36a4c5e0b694ef3235aa,1,1828.4100341796875
f3c029ccbdd765b8e63b881af42f3d4b,1,1827.719970703125
d61c923fff01b0e448672a2159ed5757,1,1826.3399658203125
0326524848da9311350236471586bd61,1,1826.0699462890625
13fb439d0a2aae1e3200ccb4dc9b37e7,1,1821.8699951171875
6ae98e2bdf8d09e86cd16479fa511f9e,1,1821.8199462890625
375e0bdb5dfb2610e71cf15f8f421ccb,1,1818.22998046875
0adb59a4ec552b5ea48414b79861e292,1,1817.5400390625
66b219a06a37d7129406e32d295a46fb,1,1816.1099853515625
c40698869e63dc7c57f3f66e767e7287,1,1814.2900390625
bf31713750139aba4c36772dc9459f44,1,1812.3299560546875
798c34ffa9047399853eab8ca7c0b9a0,2,1812.1900329589844
6d3c02f03efc71b44d52999fc95fc86e,1,1810.5
6e47014313b6b80ef3dd44568083862e,1,1806.6800537109375
77c404a3e8a4ee3808befcc4663ac123,1,1804.050048828125
f3140df89d24aa120f087331fe18f773,1,1803.239990234375
ac0ec8bdce394d27bc6c91549f2b5091,1,1798.010009765625
21b7e7811ddc742cba9b74aaf89fb281,1,1797.72998046875
280bf653e57167086c1a8ffd18b03ab1,1,1793.22998046875
38e482d7770a43f5929378c4dec76d5e,1,1789.02001953125
26ad70987fa3435c6279b8c3a5f4980c,1,1787.719970703125
c11f76d3806da64a4c64ea47627444e2,1,1784.199951171875
9cde2485320efdd065a76233a3612623,1,1783.699951171875
d3fcacda5a49565a7c1b8a6c0e03bb02,1,1783.43994140625
525cda9909aa001ebed396f6e55eae01,2,1782.9000396728516
4550984876a4424451525c6854a996d4,1,1782.550048828125
85b483b4f7f7bb9fe94d3ece0a3cab93,1,1778.010009765625
141b3509663d0e6c8735da7d62fcfe16,1,1775.260009765625
d3bf48abdd573e74110b3e79d7b07ed1,1,1770.719970703125
b3879dce6b4a3b94b748b6c9b567695e,1,1768.4000244140625
20a5257c01689ac69410a14cb51bb447,1,1767.0999755859375
ac507528f385811a6feb0e3e1fe0afad,1,1761.6400146484375
4facc2e6fbc2bffab2fea92d2b4aa7e4,4,1760.749984741211
082f4a93605df980ab01581db54640d3,1,1759.260009765625
c9b33c9f1440ff1ebc8d4fe9b182614e,1,1759.0400390625
cd89e1b4b06880d8ea145f4b3da8e4a5,1,1757.4100341796875
397b44d5bb99eabf54ea9c2b41ebb905,4,1756.5300598144531
910f0afb84bc778e856d3683c7e8a46a,1,1756.0999755859375
9770456b4233cdf2363287ca2295650a,1,1755.3499755859375
7da11710b7b7aeebec5c91a6057c9969,1,1755.2099609375
f6255a326ff4c43107bc0f42f433be94,1,1740.3900146484375
60a22f2188cd2b544c45f103d0e00539,2,1740.2100830078125
a1a9e43decb5941c1fc7f7c5fd507c5d,1,1738.1700439453125
a1044dd75b74fbc485b040575a14acf0,2,1737.8800506591797
10811ce4adce690edaf95b2e8eb3845a,1,1736.300048828125
4d32ae832a9e254bda80dac89fd37afb,1,1733.699951171875
2c32247bb780398fedc970dfa0832e25,1,1733.3399658203125
6aa828fc903b810472cff927dd42b500,1,1730.8699951171875
a43af8fbe622cbe4be01322821f61145,1,1730.8699951171875
4e284eec447afc7c7d56adeda4bba178,1,1730.0400390625
2f0ce2fb407114dbfa866f22c7cf9e9d,1,1729.97998046875
42f1fdf511aeb359f56e375cae330892,1,1728.81005859375
9fc8316f4c0d0601664216e0a9327ed5,1,1727.6700439453125
132f423dc424a05048538d51a18301d2,1,1725.6400146484375
dda7d094a7c887911a9f6cadf698c5b9,1,1724.0400390625
1d10557878391272c010c263dba24b66,1,1719.9200439453125
55b2d632bc5b7859767c1efd222c1659,1,1714.2099609375
f94b83157ce2162d5eabd54f242d6065,1,1714.02001953125
da4f111c2d1cbf0d1a861edac906e48f,1,1711.6300048828125
d233f180804b66001abae78d15d37d10,1,1710.1800537109375
5a494c648fde2d1ec4eb614274ea7159,2,1703.3799743652344
79dbe8f7d2cd77fc463cfb663ab1375c,1,1702.3499755859375
aa1d9bb16c635762854fcd37dd575662,1,1698.56005859375
92fb5b65fbbdfe7d8e55e53e0af5a971,1,1697.449951171875
598338796239e698c67fb95bc368de07,1,1693.31005859375
145f5c920dcccbb95081ceaa800df82e,1,1692.5899658203125
5bc4d654dc4eb95cbd977eafadb38383,1,1692.050048828125
923c196bd8ad794e9d13679e356c43df,1,1690.949951171875
f4c57f34e3dc2a6a23a529cf0ff17ff8,1,1683.1400146484375
a9c1cbcf83ec6e290888cae660e49436,1,1682.9200439453125
079ad4f138ec38e726e7d9ac51ae1410,1,1680.25
b8521fd4a5dbdf907f969af459a46838,1,1679.6300048828125
3bd9e0cb53a95db314b55aa82f814502,1,1677.31005859375
c8639255be49cc9a738ca337bcf2833f,1,1675.7099609375
c169c9937db997a267f749cdd64c161f,2,1675.6800537109375
ff0e4a6f3114ad1d211b885159bf1eb2,1,1672.6700439453125
2d0151326be4a97cbfbc8bdcef558e10,1,1672.0799560546875
28e7419981c810e071e0f6b061129fbc,1,1672.06005859375
fac9eb2c3c550f64f779646726710b59,1,1668.739990234375
e0c3bef7c7e5679c7776c40abec7fe2b,1,1662.02001953125
ba3f35c1ecbfcbac6854edf5ffcc198d,1,1659.8399658203125
5a1f8efaa6ce666e9622bf2e22c42aac,1,1658.81005859375
3d16d54112c57c93d5bfaf6b395b3f0f,1,1658.699951171875
9fca9eeea062d51882419081f80ba5e2,1,1657.5699462890625
0b8f48c242246419f92b6c43b0165010,1,1657.1099853515625
c89e2005ddcd889c687343e2a7d7a115,1,1655.5999755859375
061e0d9d23f099ebcc78d1c90f94dfbe,1,1654.4599609375
87c9e7ba960e4c2e6bd786b162adc639,2,1653.97998046875
99f125422e3e42df876a689e8e217798,1,1653.5999755859375
bdd88e5f6a6810d95baef27f2f6055fe,1,1653.5999755859375
cb6224938ef72376e7f5183777032fea,1,1653.5999755859375
67d859ff554d120ac0826e97df1175d1,1,1653.5999755859375
3d16152c514410c047904cd433439892,1,1650.56005859375
d1aef037cd06ae9e8018d05efd0ed17a,1,1648.6400146484375
6d8ee4a9676fc8b41d3edc2a1eb46579,1,1645.8199462890625
5993c0ed4bc51b72a8332bb7fa4303c5,1,1644.760009765625
0a8ddbf973510e50bdbfd4300dd90385,1,1644.5699462890625
c1099629bd44f439554021f60cdb120c,1,1644.3599853515625
67031f3c7bc5f28dd7b6344294b4ffec,1,1643.6400146484375
23b8272c10c49458eac0b8626f0666ca,1,1643.6400146484375
ae4b37b37bb22e37fe34ada808837207,1,1643.0400390625
03fe4b83d144beca992a5e3cffbdb5e6,1,1642.5400390625
36d7df3b5d8326ec792859208e53ac93,1,1642.1099853515625
b533e550675cfa12227a15e554a33714,1,1641.510009765625
b0ee09a612abb2a24044216adc08b665,1,1640.5999755859375
3e2dfa26943efe5cf2f76a725b6675a7,1,1638.719970703125
12138e8ba93973c9b561253683f5581b,1,1638.3499755859375
29a553dd8a1a0a22d1ee92263463abe9,1,1635.6400146484375
d1c843178ca07004edbe2ac277b35bcc,1,1635.6400146484375
fa03405c1fce3650144d97158b4b1849,1,1635.6400146484375
74092b9d4919431b8b4c02fd8569bccd,1,1635.5399780273438
13d04f61bea0332b8d69918a99e7fb22,1,1635.510009765625
3d7bc770cfdbe423eb80de6893a8e05e,1,1631.9400024414062
81238d4299b66d04234593c4a832773e,1,1629.3299560546875
d184e6edddcb1c912ebed8bb8491fc85,1,1628.5999755859375
c6b1d0d394ba367ae48f9bb69158231b,1,1628.5999755859375
fe203d7588a60b447f5c5f089b967097,1,1628.0699462890625
f6e8b25c5a0d2fc779a3415df14b2f88,1,1627.8399658203125
ffba9f9dff87b05e310ecc46c8591044,1,1626.8299560546875
ee1ab7f8a445e29acff592989e83a70a,1,1626.6500244140625
9057341f069a7cd937c12cb1f46b6e81,1,1625.93994140625
8411ef4ebe0b18e75fd75efde5455e15,1,1623.93994140625
39bd660f04727f543f878c1e1103e2df,1,1620.77001953125
72994e988788873a1df6dad43d38a2bd,1,1620.77001953125
6411590d91c48640cb07e72fbb4a359e,1,1619.72998046875
b5d5805f04ae037ef5de0d12fbed7bab,1,1617.8399658203125
650f945256ea49b526cede6f2dbb89a9,1,1605.1400146484375
856cfe0bdb5bc7fad4061781400c54da,1,1605.1400146484375
43df16fc8bbc0499aa6bf4e582dfbb66,1,1603.25
f0d3389b217aa61b5a66744ddd694cc3,1,1603.0799560546875
005226be8d5b972d0f72b4e8a79f322b,1,1600.510009765625
4c21c589db03eb65cbc452fc470850cf,1,1591.239990234375
fe81bb32c243a86b2f86fbf053fe6140,5,1590.7600326538086
262f884f74980c0ad26fcaab579a3294,1,1590.2500457763672
fb94a0ec084fa8e33ec943992e3c6929,1,1589.5699462890625
fc24db02becd484accefaa5af59c18b1,2,1588.949951171875
3629a4b18f2eb69e03f153158e48d2cc,1,1586.469970703125
8b20a60ae8a273e444118d6e8a7c3627,1,1584.9599609375
057dbb60927c6bc5bf3ca3f2f23e447f,1,1583.7099609375
5eb539db8bad2407b71782f1d55a4826,1,1575.050048828125
71150730b022797afd6a487820125da0,1,1570.7900390625
08f334e84bc7ab7b588cb7fc77dd7f4a,2,1570.4000244140625
d941a608aa14794954f62d8c3da2b9dd,1,1570.2099609375
ff6c9c45f6cee4ec0785650b18322d73,1,1568.719970703125
1b3033b0a47ab66dfbe6607550bfe38d,1,1564.0699462890625
73e9c626827cd8c4bb38b55ab31d816e,1,1562.5699462890625
9d0ace373bd69cc599d745b9d1a323c7,1,1556.699951171875
301fdbdb88825096a683fcfacac44718,1,1556.6700439453125
71c99dc35fee93881af2d5a1edb24442,1,1555.22998046875
b3fc51a2057e04657dbe29f48f3ecaaa,1,1550.6800537109375
4dba78a69f5fb2d5ba4bdf9696e1eb8f,1,1549.4100341796875
0f5ac8d5c31de21d2f25e24be15bbffb,2,1544.8200378417969
3ec83b54e0afb70def9480cd6b9097f7,2,1544.7599487304688
81446cd6d7ceaddfc66d7ab9ec60aa55,1,1544.6199951171875
34cd0f2f38a66796cfbc8a33ece7448c,1,1543.25
9bd3a0d5aee992c5692a2a912a50d2fb,1,1541.699951171875
f94c00f0411b6a3e6cbde94b120fb786,1,1537.0400390625
4b3bb0581e463066eed601f1991b4f16,1,1535.219970703125
b64460d7d925960dcf9beefe03131679,1,1534.97998046875
6b2af0e98d36916cbc15761bf6048220,1,1534.5799560546875
608b221bbdb07cb279018c0dd04cc730,1,1533.6199951171875
85333adc71614d177d3ac54662b036b2,1,1530.5
231d36f5c4b238c26f449ffd98c79180,2,1529.260009765625
04a46c134f7f3d15f7f4a20afbbd915f,1,1528.989990234375
b339a1ec295defef7cd27439c8718066,1,1528.989990234375
b5585a338bb22b66f02541df26cbb9aa,1,1528.030029296875
6d73eb39c724d3cd0d45e9e1b6b963a9,1,1528.030029296875
0cfb94f148a3f7b02123e6f64e6674f6,1,1527.510009765625
caadc9a4b4dfe30f56f399821b71c6c3,1,1526.260009765625
b60a410d454528f9b70cd6fb479fba68,1,1525.780029296875
7e251bdcd9072568271fe5b5b824b6be,1,1524.239990234375
f78a6b62ac5dc9638a4fa0fd5d7b94e1,1,1522.989990234375
64ee3e71d9a27034db0c6a48c29d35d5,1,1521.75
87ff69ee0a94361f61fbd5e5699c5230,1,1520.77001953125
ab14aff32b9c7c55378170003a076665,1,1520.77001953125
6d887fdae7b23b09c8108f16900dab42,1,1520.7099609375
361dc89b24a5dc808b2803a1ac33ff3f,1,1518.550048828125
b11b06cfbbd108f99b4ffa44e865b1f9,1,1517.699951171875
5b7b7009010e8dbf35aa64441cd01b25,1,1511.8599853515625
012a218df8995d3ec3bb221828360c86,2,1510.3799686431885
8e18da3436d8a163ab9540768a94b22d,1,1507.56005859375
55ee0c6382f5b5f0b42a1fa608239e5f,1,1506.6800537109375
ef068814b087cac3c1bb6cea58c98480,1,1506.050048828125
8091550abd9ca29ba409a70cb640af4a,1,1504.6099853515625
1003a1d72627f1a71f255e239aaa4bfd,1,1501.449951171875
fad1bbf902fbdf64f92f33d010ab8cb7,1,1500.18994140625
7fa6d33a71471ecc658fc9557bba75d9,1,1499.8699951171875
e7d3b17772a74209d76965c84d5b286d,1,1498.4599609375
f5ae59564b848fb10564d9fe4a478465,1,1493.449951171875
58f887ad477318fadcf6a93a1e24c076,1,1490.530029296875
0f5f758216c397ef8237f5d1e236e9b8,1,1489.469970703125
c6f70f6262d971489361b0d4fb0936ed,1,1488.5899658203125
9b5427f064283ebd4f23ee679e223555,1,1488.1400146484375
76cef8c0830232a6298b50d60153fb6c,1,1485.31005859375
b248c92ec54199bedb1d603e0e6f98c6,2,1483.2600593566895
7a44821edf14b2b2ef3ffb2c6e837e5b,1,1482.4200439453125
9eca552063680b7cd2ed0e8aea002b21,1,1482.239990234375
b0e6870a2c0f7a96e18c84c02da14f94,1,1481.030029296875
79e12483f9b14c3254db94bd137a4b70,1,1480.72998046875
ae06b0187a99aaeb5e845b9638936e7d,1,1479.510009765625
7efc49d7862ee114c0ca869b439bf381,1,1479.510009765625
fc360164eb368b0eb12c1d5eb2bf5e0d,1,1479.510009765625
bfb1a102e6fe99d83c5e78e58370a8de,1,1479.510009765625
5a0b87c34f674cb92d999d2a37096227,1,1479.510009765625
739209d88340a09d4f6d29cc809daa67,1,1479.510009765625
4e5a10bd8f468ee5acc890961a2b7ce4,1,1479.510009765625
4d402e51f4e8a128657c7ac78b59bfb2,1,1478.949951171875
d3729a20d98aab032427c9d19d7cb7b9,1,1478.47998046875
b35e7c1ee8ccbce232fad3bc996e6298,1,1478.449951171875
4711348768db55c57a67aba080ead566,2,1478.2000427246094
ce8c3a9189899cfa9882c8992bf2838f,1,1476.800048828125
f85107d1dbc6b78bb1c784d5928c14c3,1,1476.0699462890625
f03553cc2a5d9a0d2b945ccf7f4c54bc,1,1475.0799560546875
886583680443fec2ba8b1426cc6facde,1,1474.760009765625
985e93167edfb07618a16a7b9c12c75b,1,1474.4200439453125
2be7d578854588f75b1922cf7627e1be,1,1472.469970703125
10dbffc4a798d018f58224da1162b90e,1,1471.510009765625
c72e291ccf98df8df8bdc3fcadf64f35,1,1471.510009765625
430f484aaec4eb059a1d074f4b0ef762,1,1471.510009765625
8d2fb66164a84b76626513d628bee2da,1,1471.510009765625
eb53ee675b0c79d66e25fce46957e1fe,1,1471.5099487304688
acaf9c8dbadcef1c6ce123806c9e6c34,1,1468.449951171875
da1e7179b9c5a1494d78528cbcf05aa0,2,1467.8700408935547
2bca9b243e976aed908e12f74fb30370,1,1463.3699951171875
73685133e38f5b824324971c0274855a,1,1462.6500244140625
77fa3678811c2abc56902a24273a4dbd,1,1458.510009765625
72eea0b98d06729e6d5f824b1b076d13,1,1453.300048828125
297ec5afd18366f5ba27520cc4954151,3,1451.0000076293945
fd03997c82649affc061d275ddf1f3d9,2,1447.02001953125
3dc72442480b0d7485969ce3125d0256,1,1444.6199951171875
3d540559ce0677a17f45eab0cb113c8d,1,1442.8399658203125
da9e0576ca0ecbb67dc3778628481caa,1,1442.7900390625
471d491452eabd128b8fe5b12b913f9f,1,1442.1500244140625
6e26bbeaa107ec34112c64e1ee31c0f5,2,1441.6199493408203
38a4f1deb45ca914dd13c73b41775d71,1,1440.0999755859375
a1a1c5083998a1ed55698a1b0d005def,1,1439.27001953125
a4a9f56f9f405802035afba6bc2576ba,1,1438.22998046875
0fbad5f5683626b3c234ef751d2ff166,1,1437.6400146484375
3422b60bce08b606582660acdcdaee7b,1,1437.1500244140625
aeb502c0c495c56ace2819cf6f9235f4,1,1437.0999755859375
ac6152d2a8d11ea64813c56676d73202,1,1436.8399658203125
be74c431147c32ab2d7c7cef5e4a995f,1,1436.4599914550781
79fe0e57517b5148b07e5d8645eb5095,1,1435.5799560546875
78110b00006c6033e83ec0e79ade3081,1,1433.0400390625
6899ba25b05f771af3ede719ef5c861f,1,1432.9200439453125
eaa604ab9f816252edb7a8d297f932e5,2,1432.2100219726562
a88cd5c40de7b2e386dddcdc5749e527,1,1431.6300048828125
679539028487c610a89de1494fef40da,1,1431.3299560546875
4f8f99500e6fc01d458cbc399f891cbf,1,1430.9100341796875
0129d48dce554d95f641d01eaa88904a,1,1429.5899658203125
4897f0607bb084b7a12f7afeaaf30c08,1,1427.5799560546875
cb26f33c1b5055d997cc798dc94790d5,1,1427.25
97071ed6fb1ac261920c48a146e86c66,1,1427.0400390625
3a2a12f2fd7c80c8c73846ad8475f2cc,1,1426.81005859375
c39144ea573bf91bb79650405c09a76d,1,1426.5799560546875
774c075fecf66d485d49c837d03c71e9,1,1426.5699462890625
24e998dbc3458fe7b77b370e6d10ba57,1,1425.56005859375
ad5dccfee30bc06e904e446616419ff4,1,1424.449951171875
b1791d73a5c0e297a0e8f21699078c5c,1,1424
fdaa290acb9eeacb66fa7f979baa6803,1,1423.550048828125
e3247bedce6bd14c7ab8fac16dc46bfa,1,1423.5400390625
23a08414260ab2e277906e5a5851793b,1,1423.5199584960938
939550a2c0964d6ad3d9974d3e626d0c,1,1423.2099609375
0eee96b8cea2f09a022e9e5acaffede3,1,1422.050048828125
066ee6b9c6fc284260ff9a1274a82ca7,1,1421.68994140625
6f692962aeac7cd4a868499095b24849,1,1418.8599853515625
ae5b077a7ba102a667a435d8bd3a24ec,1,1416.949951171875
73269524708916d11bb873c7275e3b33,1,1416.699951171875
5f49c05291e2c5b88dbe730e3c649c68,1,1416.4100341796875
985289b5cb474a6e97bfe8c85f0aee74,1,1415.800048828125
a5934d510efd935a606ea73b93af950c,1,1415.6600341796875
05eb062756e6d4358e72b1caf0ec22b1,1,1415.6600341796875
79954dd2287a62e7d680548d0f2bce60,1,1414.699951171875
4f94b2a128e75939c61c188212388e3e,1,1411.6199951171875
a58350975662c1816a7c8f01bf816bf6,1,1411.1300048828125
77dc1d016a6ff92c1eb364ecb3cc6aae,1,1409.1199951171875
41deb1284b6550426194070a1ea8ba32,1,1404.4100341796875
fb98136edc2c0f996bfad36a0c7e1306,1,1404.239990234375
be350e7235bb5363ff3f3cbb1eb4ab74,1,1401.8499755859375
753bc5d6efa9e49a03e34cf521a9e124,1,1400.739990234375
540bd689a2065b9177dedb9758cbc992,1,1400.3299560546875
f0daba1cfcc18d5a3229e1a911313e3e,2,1398.1800422668457
d409c5590a75603ae1fe24d66d5008c7,1,1394.77001953125
fede1f9528a564c1a22bf64bb7085bd2,1,1392.3699951171875
3e134146f147b595885be88b67d8f789,1,1391.8900146484375
df030c3c1d42349bb0a40197e53316ab,1,1391.7900390625
5d1fde9eb27149c695624f8bb84cf6f7,1,1391.3900146484375
12ee9e2cc00e2a5156a2d869b82938d8,1,1391.3499755859375
d3b0732fcd6b002c3ad8364802840125,1,1391.3499755859375
f012b339d79831fed338ed7a1d256bca,1,1391.280029296875
5e7e0be1ac6b95219cd8a74b42881f19,1,1391.1300048828125
4833d5607f30e40265ccdcb21b58b7ad,1,1391.1300048828125
91049771b745aa43500e4c82ed6a2241,1,1388.97998046875
97734fdca127fddcb5f92f841690c3f2,1,1388.6800537109375
37b1b1515c5f1c4a06510269d5a36a4e,1,1388.4300537109375
5f2f6fba74de007241fedfc485b72ba7,1,1388.300048828125
64b97e6d3c070dd372d6310ff2c632f7,1,1384.739990234375
c8d832b1e6f4aa662d0fefabfca04265,1,1384.72998046875
cc073557e57ba3526798e69697e37db3,1,1381.8699951171875
4a22982d15a6758ba7a93495769dd490,1,1381.8299560546875
1f98d2384ff7a372e6a2d3bb75cbcd54,2,1381.4100036621094
bc45674ff2e33eeabf20e6eb7accc4a5,1,1378.7900390625
3f9bb1cc786f6a4ecfd6b3d868d39357,1,1377.989990234375
c1eed380c5284f6d86f7263653ef215f,1,1373.8299560546875
d1b6bbb5ce2d0d1b5e5aed73482ede19,1,1373.8299560546875
920bd0e1c74c42bec2303941fc03374c,1,1373.8299560546875
3f6a946ec3ed53c151d8b1eb1cb0336a,1,1373.18994140625
e92a2a874e305a7e920b0a0b308d5890,1,1372.25
cb1c3c27a1cb278c594f7dc5adba5b3b,1,1372.219970703125
0820b88e46f48599042bd627fe954b66,1,1372.0999755859375
ecf7874aa8a2586adf6ca37fab21ecc2,1,1371.8800048828125
5a050b063ed2697381b449b2ff7b422e,1,1370.4100341796875
f64f5e0a84f83461a94633f89a0dc10e,1,1370.260009765625
4bdaaab3c645dd18eed3c3bb8ddcd6cf,1,1369.6300048828125
8be5c6cc1011c8a882d3bac857955b3d,1,1368.8699951171875
35b887857d9e7902094a37e9f2e51796,1,1368.1099853515625
1810e538a85f28a974dca2ad08da3c62,1,1367.75
547f5f9afa998b2e599e0df6584cf838,1,1367.5
855d32ca5e45bf54e4d88c29c65cea0b,1,1367.22998046875
6dbe8af63482be15d8b0ec1b9dd31a29,1,1362.3699951171875
1159db37e256a4e27f777ebd08b4da05,1,1359.469970703125
aa4e2575d36a7b89546ca2e4087e9396,1,1359.4000244140625
b8cd1885a1f24d1ee81ab66c54b76f11,1,1358.75
29b46d84126aa43c94c6608eab583a8e,1,1356.800048828125
0424c5ebdb5ce70bcd7b596efb17b561,1,1355.72998046875
2615f18f801b0156237b068570d64217,1,1354.800048828125
58cb2f5bcf3fb5994bbf852e86978047,1,1354.0899658203125
6c749436fe7ecef4596739d31d1d8e63,1,1354.06005859375
2750ea8eaed9066e36245a18802eac17,1,1353.280029296875
69a43b90b7f45f07911d140b61da311a,1,1351.93994140625
f9aea0c7384b3015a0c51f6f9d08e9eb,1,1351.510009765625
85101bc666e06929fec79cddadb14146,1,1351.510009765625
8ed5f159139eb38172d25a57e129e87f,1,1351.510009765625
96e91c0dba30f7ff60c9acd47677c248,1,1351.43994140625
9dc7e983a9dde2b110ca06f7547d6b5a,1,1351.4100341796875
8146bee4e40885be99560ee012659bcc,1,1351.4100341796875
0a247a228e8d48fc8afbc28c2e8c1691,1,1351.030029296875
13a820054b49008f130da176c4e0487b,1,1350.5
7e6b73ca13a846a38c86885e98a63ada,1,1349.1600341796875
d687c16dcf223790dd97278b2cdbe240,1,1349.050048828125
3732057b80d20e5cb53b859b7bc57a78,1,1348.6600341796875
07c9259c1afcbd1f6b416d9985782083,1,1347.9599609375
6976991546a290faff14b82abaa65779,1,1344.8199462890625
f61d858404cc299afb3a89451a92f91b,1,1344.4599609375
69d93815c9ea08e83377d78cb088a295,1,1344.3599853515625
74436a334d42f9516826a7c3c6d5b226,1,1343.43994140625
46d2e80a1ca0ee7a62db0ab302e8b4b7,1,1342.6300048828125
d95e736f831986871d6bb98ff914e9a9,1,1342.6300048828125
63923c0ec5cbc6893736efc26df5767e,1,1342.030029296875
61e20081e2cdb77bcf311d438c3528a6,1,1341.550048828125
09a404d8a68d4ce0a92e7aa4848402ee,1,1341.449951171875
fb71ed60806ae68abb00194fa02647a4,1,1341.260009765625
bce40e163747be50b7bb83f016591e0f,1,1338.510009765625
e203d1b0b0762907665230d52c223d73,1,1338.510009765625
69a96af4277076a11bf7a49d27d867a5,1,1338.510009765625
aac441a39c3a5649e0378fcd43a9ba9f,1,1338.510009765625
97599f226d383eed46713abef6325439,1,1338.4100341796875
16ae388d8c36c71739021268d3578191,1,1338.4100341796875
420add00e535c5b9caf4e5f34c69124d,1,1338.4100341796875
1033eef37a760a832f9b2332ce23fdc5,1,1338.4100036621094
019ac5580a897d52e5ed6f7ed89ade27,1,1337.18994140625
fc1266d06a97ca5314f0b3d4def53a5d,1,1334.280029296875
217292034a9e98acdd21d0642afc64e5,1,1334.030029296875
b3441a427e8889379672bfd441f5218e,1,1333.550048828125
d16000272660a1fef81482ad75ba572a,1,1333.25
af53f59538b3c60899f492ca03b8c85d,1,1333.25
95a0e14dee86eb0eeec5263fe5fca796,1,1330.8800048828125
f3b7aaba2ec5e60963dfe3bf537a54e0,1,1330.199951171875
749917bd024cd0718406bfaafb482efd,1,1328.5899658203125
28b9099dc6577fdeceb2e4468e69f556,1,1328.0799560546875
a9ac0830ef6d1cff282fe04077d56021,1,1327.719970703125
5a95daf3900225ffe545478a36feea4d,1,1327.5400390625
408604325b96735d6dbed039246efd64,1,1326.8499755859375
6ca64aa28917ec5f253c90fda7032b6c,1,1326.8499755859375
482b83576bf1699dd0a448805e211146,1,1326.7900390625
362135e70ef2c6d5b1d551723523f78d,1,1325.43994140625
b9aad088d2ce9501d59cae5754b67226,1,1325.43994140625
1c7267f397e6ab4a4bb183b27dc65e92,1,1325.3199462890625
9aed28a7d5e85a3f48fd4a23647dc8c4,1,1323.7900390625
314b61600e5228a9dfe7623fd25ba846,1,1323.300048828125
0fe9114129c81c945c319dc5af0ed961,1,1322.969970703125
de4e3ce43bd5085fe445e08c68b950f5,1,1322.969970703125
08285c6499b42230cd7a9e5bd0242164,1,1322.68994140625
a56df37f1251ec47d5ad53dab3043f38,2,1321.6300048828125
06b77fff2cc4b645c3fcce45c57fa9b1,1,1321
f25d770c0aae2cfe4f2538f144a15b59,1,1319.3199462890625
63ebabf91afda8d43e0f6412fcfe6bf1,1,1318.06005859375
51c6848f573e6dc72a7f13433273871f,1,1317.9000244140625
bcba7868e02e9ae817e38bd543bf503d,1,1317.3599853515625
ce062bc310d6e7ef233195118e090f1e,1,1317.0400390625
f9172a6495d46451776be8bc8e46032d,1,1316.1400146484375
673e1a98d359aa4eebe7722f4864c86f,1,1315.9000244140625
573711db86c6c9e1318ab2854c63a295,1,1314.989990234375
1c2214f2e89df8198bc28e21bb723dbc,1,1314.949951171875
f384b670963f2cf3ff4909da5a5c93e1,1,1314.8599853515625
dee18b46b57c871840488ddcc81f1ce4,1,1312.6700439453125
c70dfb293b08af5444cf2cf527b8836c,1,1312.6700439453125
e3b3b57caa0974d93ed5218dde2ff4b3,1,1311.4599609375
c27fe69be20acb0c44a690e39d19ec07,1,1310.949951171875
0bee4ef1025816711bd8c531720da011,1,1310.949951171875
35356c16fae0b391a145686820926bdd,1,1310.22998046875
064fb6f70338688d1372235d95d92ff7,1,1308.1800537109375
b25ff7d6964d189833a66f4f2f8b2f7b,1,1306.260009765625
4ad7e8137a8f2299cceb563ab66e0317,1,1305.510009765625
21bde4e982c4681021edabb899bcebfe,2,1304.3599815368652
be2f2a80a6cfb6001c403b7a01c87db6,1,1304.02001953125
91c54819f9e5ef20191322ccff6ee282,1,1303.5
a0931a30dcf7e2106f0939b799c54321,1,1302.4200439453125
84b6060d044cc7456db328c95b75ffcf,1,1301.010009765625
b632c70b9c2c062dfacbad69e08f6563,1,1300.5699462890625
f05f7e19011117620793abe23ef771f8,1,1300.5699462890625
fbd4d7e33bef85ee6e10995ad94ef88a,1,1299.280029296875
fc0aab61ef4538d51cefcfb054fe809c,1,1298.0999755859375
12ab9334b1240d6d037f2b0102a49571,2,1297.469955444336
4e1cce07cd5937c69dacac3c8b13d965,3,1294.6000366210938
3b74d8b3502e3c66e17463cafb35b89f,1,1294.260009765625
ecdbc4bf2201c807294c7d8c4b777032,2,1294.0900573730469
233ceaabd644ab5ae86989bf16b4d70c,1,1293.27001953125
38d92612568ca6e3d6b478e5fb004a6f,1,1293.260009765625
3ab2f8203c5f8d73a1260109eb82eb20,1,1291.3900146484375
d33979cbff02d251c453e1b7daf00d84,1,1291.3900146484375
d387ea85dc301a91740e31360d355686,3,1290.8800315856934
fb5326fd8dd9f7f52bae66d01fc54936,1,1290.7900390625
d5174582d64f45f60fb275eb5e4e085a,1,1290.3199462890625
778a607e77be028910e557f6f608611d,1,1289.5
2592789c0e70f4d2af39afae4dd431ec,1,1289
9bd3091ad5fac62f6389eacf9af4c571,1,1288.739990234375
6bc964ef3bd0be200b241a1910bed144,1,1284.780029296875
416c7355fe18f17d41770301769f3fe9,1,1284.25
198dc221b76657718f8c38d49daa83c9,1,1284.25
152dc3cb53d3e3bb539500342e37f3b2,1,1281.1199951171875
a6d07e9af5c1a10994f572c37b3cac59,1,1281.1199951171875
401da002e87b8f5700cb44af044ca0bc,1,1279.0999755859375
d132b863416f85f2abb1a988ca05dd12,3,1276.5199890136719
dff33bfc45ae0becc55ce9b50acd4073,2,1275.7699584960938
3c08208c1c33f579bd243d16e095d762,1,1275.3900146484375
1a7928a944f6c13daa6174dee2c6bd30,1,1274.510009765625
5457ae2c352c18e3bf5cba68301d96a8,2,1274.030029296875
cfe81af64110c8dc0d10459aaf9e3864,1,1273.1600036621094
797dfdfe7186f9a2d613ae341c170713,1,1272.760009765625
5ef749f2915e7196dba56703be6d9eaf,1,1272.6700439453125
84b19ed453ffee6b3a13dae20065543a,1,1272.510009765625
415ac2824b13b33c13d9d0180050cb6f,1,1270.699951171875
f937a59ce3711b1cf5bcb7491fadae10,1,1269.5
e35b2a3c980b6e0fc66c66b8e1122e93,2,1267.2000122070312
f82be7dcd0ff430255f7b521413ea98a,1,1266.93994140625
9eceb9f7c2bd232366d8b271461849c0,1,1265.8299560546875
fdfc9e2e8e67be832f8ef6ca4e0f2be7,1,1264.1700439453125
e302c322902a96b16c819192d228f57c,1,1260.760009765625
905d074d367922a5b2a7b828108a8941,1,1260.760009765625
7249013c9e600dd351fbb2c074d85c6b,1,1260.6500244140625
3246cc1ffb8b0e719e5ba4db0443185d,1,1259.0400390625
b1324928500c7eb187957630199b6113,1,1258.72998046875
e724a8be5b7ecea71e80b27541edf7d1,1,1258.2300109863281
e0ec68a8b0e7ef75d72bc0dc54aba121,1,1257.9599609375
2de3c52d71a127ef29e31067f8216447,1,1257.9599609375
7e0516b486e92ed3f3afdd6d1276cfbd,1,1255.7099609375
6940ba069c2c25350ea9e059b35d7d23,1,1255.4300537109375
33176de67c05eeed870fd49f234387a0,3,1254.010009765625
919ea99f96e6aeab15e0cd635da849e0,1,1253.8599853515625
e015ce18751465bc79eeabbe3f0064d5,1,1253.030029296875
8460af5aae7f05ab7dc46830fd995669,1,1252.81005859375
62a459e5629b03dd73134964df732077,1,1251.699951171875
7205d0e91463af8c4d0fb5a7ac8b6487,1,1251.43994140625
648c4c2cefed3d28d6af80b6ddbd7563,1,1251.02001953125
6f038d97763c80191934b0c1497bbcf9,1,1250.81005859375
402a7717482f5f9be79614db6042aef0,1,1250.81005859375
90388457aee662815a374617d4eb475c,1,1250.81005859375
7d7dab6fdf5d47278f2390976eba4b74,1,1250.81005859375
df1710893e1797d2c3d83b8840ddb0e4,1,1250.8099975585938
36414dc6b57449efcd078f612e0da33f,1,1250.4200439453125
cbd08b04b3f301152b7570da5e9c8cc4,3,1249.8699951171875
6130b2b1b5ad417bf024f4fd8b7e5054,1,1247.9599609375
6b99d13a1a3299af3a6261bc1263d3e5,1,1247.3599853515625
60103f7968de921c5147233a6885185c,1,1247.2900390625
b045295488236fa73d8d9c37dc4b03e7,2,1247.1300506591797
37bc3d463e2a0024012a7fa587597a3c,1,1246.969970703125
0af81771d11ef9e0807a929428f9558d,1,1246.9000244140625
2429bb51d20f9cb48f7df927a0199959,1,1246.4200439453125
3b0610a6b6c37bf5e849e71914f238c6,1,1246.3399658203125
e4f9bcad0c607f8793a0cd5943d11dd4,1,1245.0899658203125
949a5efc8cd62cbe3888026bd0ddd1f6,1,1244.739990234375
af8569990cc48ad6c010776bf9c3986a,1,1244.1199951171875
5f7f0d66e0f4c4ced578a53f2e0b2264,1,1243.6600341796875
42ef0078e2b63542c1b07aab85ab8f63,1,1243.6199951171875
33de26d1fafbfd4945eb586f7136efe6,1,1242.5699462890625
7fe33c78f78af66702aa8acdd82ffb55,1,1242.5399551391602
0480fb293e9b6ecd62e3696ef83dcf96,1,1241.18994140625
06aba183cd0d3861cba60604ec558c01,1,1240.8499755859375
75aa3869be687c067553853b124bbd2d,1,1240.8499755859375
c106df929ba7c1b2dcbf7af4d0d60ee0,1,1240.8499755859375
c83a0fac41694e3ff9ccd2bd61a1a892,1,1240.8499755859375
6c6c296e1853f83bd38e8b55eddeb2b8,1,1239.93994140625
142d5012ea65ce29d5da43345b01ae0a,1,1237.81005859375
cbbe4b5beeea8b05dae43cfd1a73e6d9,1,1237.81005859375
ca6d9bc2e717c2a0aa19d77a3bfa5398,2,1237.3899841308594
f34cd7fd85a1f8baff886edf09567be3,4,1236.7600402832031
c114c44566c2d172b520bc3c8785ffdf,1,1234.6199951171875
3f06fda2dc41472d9b29a76ab8321006,1,1234.6199951171875
95295e9cda1d086d82030c9485f14c74,1,1234.6199951171875
e3ec2f7923b9043340423af694cb6c81,1,1234.1500244140625
1e497c35c31d2c947d234488eac62e87,1,1233.4200439453125
22770768e9c650851b78132a4d881128,1,1232.8499755859375
38589c29dc87cf47d66d8410af1bebbd,1,1232.8499755859375
9b0032ab4433b42478125e1b78af92b9,1,1232.8499755859375
b61b38d88ef98dd66fc100efabad2557,1,1232.8499755859375
311787523e8a6ac3c3edc54c301c3a52,1,1231.52001953125
a6b61ba2ddd9a18d0256d3396c5d5f02,1,1231.2900390625
32c8b7929168aeff057dcb2255a3dedf,1,1230.199951171875
09e9991c50513a303a2da26619870d7f,1,1230
d5419994a02a55d4b7cd00e77fabdbae,2,1229.4300079345703
87bbba8720d775549bec72aaec36ff19,1,1229.18994140625
0cb6bcb4572e64a3394ede6448db0482,1,1228.72998046875
2e9e0d2396e2ed1a9b9180a1e8300cfd,1,1228.030029296875
0a834292f8691cb3cdc64caf600c61c9,1,1227.9800109863281
7b7a886f0445009847efbd1fac86c093,1,1227.8900146484375
b92a2e5e8a6eabcc80882c7d68b2c70b,1,1227.780029296875
3a52bcffd7c61ceddbe72f54df9cec5b,1,1226.8399658203125
aaa32d09fdb08f6c25a8a39679fddb70,1,1226.1800537109375
f62c860473cbb51bca3cac597d7b4d27,1,1225.989990234375
a8782b0257ca3ed5cd665f5e7a0bb0c2,1,1225.5899658203125
06b6656e6aba924b64a5d671d1b1ec2e,1,1225.5899658203125
e271fa40aa8fea4e0f304b3768b65d6a,2,1225.0799560546875
843e48262061b0b390b99a05b40ab0fa,1,1224.8699951171875
c36740798c2d886ebab52b948e2b4f4b,1,1224.0999755859375
e557f27be2ff15a34d71e2932d83bea0,1,1224.06005859375
c27b3b31889d6298101191434c42b44d,1,1224.0400390625
32cb21bc086b7b1b26c8d8a6cf2d35c5,1,1223.699951171875
f33baa86aa2c92e4af383e14b42913ce,1,1223.5999755859375
55ab20e989d0c5b1525c66e47af087a9,1,1223.06005859375
76265a1cb8a13604fda3632daf9db6c7,1,1223.06005859375
614020cc1e7dc4f8a5fd38ad06bf6cbb,1,1222.93994140625
e876149e8061c041c42de31b4b74da37,1,1222.800048828125
e403044f5e830582e39dec1f4aefcf56,1,1222.4599609375
9d12af31b368c64151ba9f2177d4ea2f,1,1222.1500244140625
2e84e96b60a44cf2226f416f7b56d031,1,1221.52001953125
05292bc3f6db7fd79133285a32a82d53,1,1221.3900146484375
32d935537fb268d349d5d14d7e778a2d,1,1221.3900146484375
1494a353bdaf53ecc67c37956a57d929,1,1221.3900146484375
8733d5194de65480195c9afdc3bf8881,1,1221.280029296875
a1382f97cb0cf468fc4f3f63e88d1542,1,1220.72998046875
1d76532b1b78101db23eea9a68c5a442,1,1220.719970703125
653301d19e839ce1441415f656244435,1,1220.6400146484375
3e45a109987cde39a119cd1a7eade7ea,1,1220
4644f1b187e390a08b4c66fb16c91364,2,1219.3199462890625
0aadc1d26d1c8b88a52c39a533ccea93,2,1218.6999816894531
aaedf12224e003d5c349202461059c8b,1,1218.3399658203125
d10fea7c0237da4a4e1871b0eb49c0eb,1,1217.780029296875
d847d66f1135608cc13cb31f967f902f,1,1215.4200439453125
a5afb1cd8d3b8126d2d39a7a29880c09,2,1215.1499938964844
3442a61b2d5bfd9d605d6943701ad650,2,1214.780029296875
ed9d56556693e0497814d1ff8607179d,1,1214.6500244140625
51b406ecf979a9fbbd0a879286210195,1,1214.06005859375
e36d108281c19ba00d15de8880a51b69,1,1210.6199951171875
5fe66773a91813adf33a391762abca74,1,1206.3399658203125
a35a5dd77ca1643b8f45340f5cd94606,1,1205.7900390625
b052fa7d7e0a1fab33e1a2633ff40252,1,1205
2573467bea86fae9af4db442a1ef23bc,1,1203.8899993896484
c4c35b9d3d1e2564334d3154ff7d28a5,1,1203.6800537109375
44fe005d35d016299a6e515c312c292a,1,1201.550048828125
ee762d128dc459cd6be2257f85653b60,1,1199.469970703125
f9530f49c87c33af8b3ac5300b550d95,1,1198.8900146484375
143b3bef03194ac68037506e6fac66a4,1,1196.780029296875
6bb535b0906b43e0041916897667aeed,3,1195.22998046875
0ec5bddf9b389fa7c737a2db61b6577d,1,1194.3800048828125
ae27f6bf595c66ba93b3aa1aabd83597,1,1192.47998046875
8f90c831457ba0cf3172a739494f5640,1,1192.0400390625
3ee2f03d9b420dd5b3f09c2df2d985c6,1,1191.5
2846c0c6219403dd2c92c53ffa41453b,1,1191.47998046875
4c4b5dc90eb4e33188153ca3e7999f92,2,1189.3400268554688
e246473a236ca29747182e7986dbdb7a,2,1186.5800170898438
9192e3c1a19dff9d0fd083d2d1a08398,1,1185.5799560546875
ee1b5488e7e5141b4c02181185f1e080,1,1184.550048828125
6cad2595071b142d5f90563f43558cc9,2,1184.2400207519531
d2ecc28fac1b377eefe7b209a895626a,2,1183.4600219726562
a7a0f4f2b101a999f584d93cef692b2f,1,1183.3599853515625
c9e65162671f920f88e4f689366b62fc,1,1182.31005859375
bbf79cc2761d5dd29a99fcc49e00189e,1,1181.1099853515625
37d2bd687b1dbd293de12633b9160f3a,1,1180.510009765625
ba31ea04a575dfe13ef189d5dc797a5f,2,1176.6399841308594
b9467743ef3bdb1e53f18199f809ed1c,1,1175.5799560546875
eeca0a04eb9335415403230a0724d062,1,1175.5799560546875
dcf5ec1c1ed0ae75ec58cd522d210a0f,1,1173.8399658203125
45df9701a19ffdd972ae2c39b0d10edc,1,1173.8399658203125
729f94f1736784228b7b69193fc2e880,1,1173.7099609375
aada65f37d70fd659662a2fdc9b5ce45,1,1173.56005859375
6ef157b9dbeb8f79b07a06de1cfeae4e,1,1173.43994140625
8b4870d5e710991db0eb07f29084b00f,1,1173.1099853515625
3e43e6105506432c953e165fb2acf44c,9,1172.6599960327148
5193199e9fa14917b155ca22087f1ca0,1,1172.449951171875
582af3879be5c1f566b1fbae2cd0e547,1,1172.449951171875
9a333bab1b87584cfde9ecc05b7aa668,1,1172.449951171875
2461b6b13582d11fa2d7a2c20c6b921f,1,1172.260009765625
3b97119ab53db4ae0144dff13c2ee26b,2,1170.780029296875
589acbf5a83a1545b7b1956065ac2fa7,1,1168.7099609375
ac520dc7cb6f47563c95f9f2324a567c,1,1168.7099609375
7f78ef49a3ec6ff5ca63eb05bf82fefc,2,1168.6600341796875
ba57f513bb30f77cb352b1f6d1da6c37,1,1167.0400390625
b92f5d1993438887dea8aac081e3a0f5,1,1166.43994140625
e6aede5b2818df1b512845c729cf7463,1,1166.4300537109375
e490e6ff8808446e7b6c9f39ea5926ef,1,1165.989990234375
b7a035bbaa15467c17b1a94adc820913,1,1164.6199951171875
49482ea59e5df9ca522b982c7518dcaa,1,1163.25
2b732aeb1a2c70bcc9c94e24fe3713fb,1,1162.8800048828125
568e1051db19b1168ae71bdd8e98262c,1,1161.469970703125
963f8a6917ac9271090988cf4595042c,1,1161.469970703125
fc73438d7164cec52a643a09b10b503e,1,1161.1800537109375
61e6adf3c4468005ccdf21ce63f14e73,1,1160.77001953125
b34584b6d24d0f58b1b4ebcfc0cbb0a6,1,1159.6500244140625
d48d38cf62245af9640114e393a1a50a,1,1158.989990234375
f2bfa88061180ef63be4520ed4566e29,1,1158.5400390625
19aea75555d5e6b749ac505a0ae784fa,1,1157.6600341796875
a12fc54cae982f13145a7c826cce10a1,1,1157.4100341796875
c8ed31310fc440a3f8031b177f9842c3,1,1157.280029296875
1e10e23a3c7357443557e7f3ea7ee96e,1,1157.18994140625
23eeaf77f8c29ea22ced2a3fa0bc360b,1,1155.56005859375
35ee1e377c72035d0556e11e1da4cb87,1,1153.0899658203125
98af4f1390402d0565507f23c89c76c0,1,1152.6199951171875
a626420a40f09529d6dc67cc76e1b213,1,1150.800048828125
0228e299d1cabeaf9be64b5ccd784c97,1,1150.5400390625
423c97d9d31e2a7b92a345381c672b53,1,1150.1099853515625
4e447212d2b42b678e2ea168210da06a,1,1149.8299560546875
30dfe23e1ee3c31f7af260ed5459b930,1,1149.8299560546875
1073528f48c54d7e185df57a6ee88448,1,1148.8800048828125
78ad39e87476ac52f150e22ecbd31aed,1,1148.75
660f3640907ce2cd4742caee5ddf14b7,1,1147.969970703125
b5435c9ba16cf0cfcb89af488906838d,1,1147.550048828125
599f1549623f622cb0d46bc32b00332f,1,1147.5
1f22ecb07d25446bf52c51afa93cfa3b,2,1147.3599853515625
41ef6bfcee3f50fe3d886cf23a0e2481,1,1146.199951171875
544bbae01f9405564f40ae1af55cf9d1,1,1143.219970703125
449f7f967e09fc1d188234eefb6cb5e9,1,1140.8199462890625
f9ae928da15e82a3fc6f97b3751ebea2,1,1140.8199462890625
d8c9bcfdb052d3431868568f91eece65,1,1140.5799560546875
14b24b9cfd122ce1f873c7834185b603,1,1140.22998046875
2d1fbbd5413f3c6ecc454ad1754a7e42,1,1140.1500244140625
f4b8c62563542dad472e6868bf8267cc,1,1140.1199951171875
93d21068a4b6b2beb2c3cc9d44f948c0,1,1139.27001953125
c283a677fa9937143f13fe6f58fd901d,1,1139.1700439453125
b7dfe0920bbd2c5fc78ce89e7363d48c,1,1138.3900146484375
8e323c75fdec6658ed2933b3f2ecc33a,1,1138.280029296875
5793f9d7d53ad4c54032da6fa3069834,1,1137.56005859375
3fd1cd4e9f4ca2e7e81718c1642a5a6f,1,1137.1099853515625
e01b3c992c8dc49d8da704418d4dc548,1,1137.1099853515625
2243a3db312c9b0480cdd0ce1614006a,1,1137.1099853515625
f085d32f56ff8cd1c24ea9eb43ec9edc,1,1135.8900146484375
91dd3e913cf5d632ce605a3689a5126a,1,1134.43994140625
737effb3cd0439f1954ff28fa106022f,1,1133.9599609375
f8f4320123760e8cd9e3c99c68f38a42,1,1133.6199951171875
6c2dbbeb634605dc4cf25ce12ab038c0,1,1132.6300048828125
2b40bf9f14aab6d327d27d8d3752f672,1,1131.72998046875
8bb910cd8c3b29e4acf2e94e3aaffbbf,2,1131.0799713134766
98bc0c9e1294eb19f3ba7827581a7185,1,1130.030029296875
e94ee7db9f05d0ddfd629d6deaa027b6,1,1129.9100341796875
2214477bc746c01d7e790dba816a9a2c,1,1129.8499755859375
903e36e2f9d5ec112ba8b374216a192a,1,1129.5699462890625
dcbd8e9f8083a2c1545ff6083e493d99,1,1129.4100341796875
e78005eaaa21fdbdd32d4c7d0c825c68,1,1127.5
7a4a9aa0d9218320db34205e04d29b03,1,1127.2900390625
2b3db2208861fc893211c977bf3d0244,1,1126.6400146484375
5340f5bd348f19d58f217d76d42c5f86,1,1125.9000244140625
41c3c9562b8a80d747fe2bd3c749640f,1,1125.5799560546875
c0290b1feb7aabd93bb97cde3a0e8a58,1,1125.5799560546875
3577e91a3448cac21a38effb2f0bbdb7,1,1125.5699462890625
10c6d7016b3248e3d1be1aa917f8909e,1,1125.550048828125
29bafed2dc1ef578fea615d3a3176902,1,1125.550048828125
18ac369326ec0aafe3ae0e397b14102b,1,1125.3599853515625
c3d0ee564fc089ca29e86029511c3d62,1,1125
c0ad7fbbd3bfcfcf62a27e4d970c7f90,1,1124.9600219726562
7f9bfee0390154778b2d2c4f06b50c14,1,1124.8699951171875
879f6c483f822dc770e5ff5c7b0e532a,1,1124.7900390625
63c78253a65d7ae0ade8cf3282a2b190,1,1123.8599853515625
4db829ea74098f66e7e312dbf32ae768,1,1123.1300048828125
62faa9161d76613338c9216581e7ee1e,1,1122.8599853515625
ca77025e7201e3b30c44b472ff346268,7,1122.719985961914
45e5e1715b795757d22448692cc8dd5a,1,1122.449951171875
c37b132f9c63622c1305a629a6fc1976,1,1121.43994140625
561d12b11588768ed517a0357a98c42e,1,1121.4200439453125
68ee3f40ecd2db281f8550fad18bdc83,1,1121.010009765625
98fa2abe60ee24b1207a9fa5ec0d4667,1,1120.8399658203125
a7f2edcd60f0eeb573b439042bcad226,1,1120.3699951171875
684a5af2fdb1b2f2e74df1660a897e7c,1,1119.9000244140625
56b8af759a9a22c74b312662e0eade73,1,1119.77001953125
5a6d092525ea183026c9b405b903fe0c,1,1119.5999755859375
3f915483f465fd1db2736065b0295d37,1,1118.050048828125
0d8202144f518a0892806572cc6f3cf5,1,1118.050048828125
32b15895df6710a7c20f648a0a2bdd10,1,1118.050048828125
c88c65274af4cadc8b55eedcbc9d9581,1,1118.050048828125
97e42e3e7b1f76dd3c04a0aac41e3173,1,1117.989990234375
f601dac3f9108158f75cb1418af5a5a9,1,1116.81005859375
2d48cce6ed77d4963cbf11a7bbc979df,1,1116.68994140625
663e9fc2ff0fe9e5cf1f4427f321e75a,1,1115.47998046875
f4bfa7d75a394df13adaa6b672dc0407,1,1115.449951171875
7b4a91076722dc7d9922d8645b65ff89,1,1115.3699951171875
5e8f38a9a1c023f3db718edcf926a2db,5,1114.1800079345703
5ab99f2f9851b35df207c38655eb25b1,1,1114.030029296875
f2c91a2cf8ce8e8cd3c26cc26fa7bdf4,1,1111.6099853515625
753fd2847cd950be551bee66c494d8f1,1,1110.5899658203125
e17c5e546a7f8202925fea16b4d14741,1,1110.199951171875
5315df33fcaf24f1ab1a6dd8a1c7b937,1,1109.300048828125
7b9b082ceaa61d7bc565cdad86597669,1,1107.9599609375
6aa1b0c278be1b6dfb6afa6161f26852,1,1104.9300537109375
7b06939062a079425ad83f54c98eec7e,1,1101.8299560546875
2bfb5880bfa061bee717d6c3a41c5b7e,1,1101.5999755859375
1522db025aa5d6fe7db87e3505b64023,1,1101.510009765625
ae2189793d5c0004461b896e52abe4fe,1,1101.510009765625
d854ba792104d8a708262d182058a4b3,1,1101.510009765625
48670599c793cc443672fdda6de38d9f,1,1099
d50400f697ee951d603219bc33e5833a,1,1098.6199951171875
54982b0c374191195d5f433c7cccae90,2,1098.3399963378906
71a06ac25e00c414c23e1cd105a2b1b5,1,1097.93994140625
eca61ae704cc5ecddd7a6e558b6f04b1,1,1097.699951171875
8ad37a8e909b633be54a0dc3e94c7a04,1,1097.31005859375
f2acfcdc8a8c0c24db90cf7a71eb9d05,1,1097.1700439453125
